,precision,recall,f1-score,support
Negatif,0.5,0.125,0.2,8.0
Netral,0.0,0.0,0.0,3.0
Positif,0.5,1.0,0.6666666666666666,9.0
accuracy,0.5,0.5,0.5,0.5
macro avg,0.3333333333333333,0.375,0.2888888888888889,20.0
weighted avg,0.425,0.5,0.38,20.0
