,precision,recall,f1-score,support
Negatif,0.5,0.2857142857142857,0.36363636363636365,7.0
Positif,0.6875,0.8461538461538461,0.7586206896551724,13.0
accuracy,0.65,0.65,0.65,0.65
macro avg,0.59375,0.5659340659340659,0.561128526645768,20.0
weighted avg,0.621875,0.65,0.6203761755485893,20.0
