,precision,recall,f1-score,support
Negatif,0.0,0.0,0.0,6.0
Netral,0.4594594594594595,1.0,0.6296296296296297,17.0
Positif,1.0,0.17647058823529413,0.3,17.0
accuracy,0.5,0.5,0.5,0.5
macro avg,0.48648648648648646,0.39215686274509803,0.3098765432098765,40.0
weighted avg,0.6202702702702703,0.5,0.3950925925925926,40.0
