,precision,recall,f1-score,support
Negatif,0.0,0.0,0.0,2.0
Netral,0.6666666666666666,1.0,0.8,6.0
Positif,1.0,0.9166666666666666,0.9565217391304348,12.0
accuracy,0.85,0.85,0.85,0.85
macro avg,0.5555555555555555,0.6388888888888888,0.5855072463768116,20.0
weighted avg,0.8,0.85,0.813913043478261,20.0
